userId,Name,Surname,Email,Password,Role
1,Marlo,Lorkings,ebfgtq@unist.ac.kr,k7L4E8t,1
2,Herbie,Nolte,tlxwdf@unist.ac.kr,8aML3b,0
3,Letizia,Spray,uknrqf@unist.ac.kr,hzra2J,0
4,Gisela,Chattell,kyiblp@unist.ac.kr,Uc22DcJ8gVop,0
5,Waiter,Butteris,fukvow@unist.ac.kr,JScLjB4dv,0
6,Arlyne,Chalke,ysnnay@unist.ac.kr,QQTgB37KG93,0
7,Calvin,Negro,anxkaf@unist.ac.kr,hgHsNjw1YH,0
8,Jacquenetta,Hunnam,kpeuyk@unist.ac.kr,9RTHqc,0
9,Bernice,Morecomb,vqfajd@unist.ac.kr,xYCPB1nyIdrk,0
10,Stefania,Vaszoly,osclyd@unist.ac.kr,reVeDv0HnZ,0
11,Eduino,Fulford,bqblmy@unist.ac.kr,bI8LHq4GMdV,0
12,Lilias,Jiles,ycepwn@unist.ac.kr,znvdzXn17x2T,0
13,Tiffany,Beamish,yrygcl@unist.ac.kr,SqdJy3t,0
14,Zoe,Cubbino,auwctx@unist.ac.kr,vUTHfSE5t,0
15,Micky,Grigoriev,qttkby@unist.ac.kr,bT8UztRJ,0
16,Allayne,Leebeter,yzcyms@unist.ac.kr,pd0ckvXt,0
17,Myrah,Tomblings,bbweaa@unist.ac.kr,qS9QIQN,0
18,Gerda,Artois,qfpkdr@unist.ac.kr,1Tqgvd,0
19,Nanci,Pendergrast,gnsmas@unist.ac.kr,FprWaj5NJ,0
20,Brice,Fernyhough,yjcrda@unist.ac.kr,3m7STw,0
21,Em,Cathcart,mqisgf@unist.ac.kr,pVuBRp,0
22,Pippa,Blasing,dkshob@unist.ac.kr,nVoOMV,0
23,Sibyl,Nickolls,xalxll@unist.ac.kr,AbNVh67UfDw,0
24,Hamish,Smyth,lfmqye@unist.ac.kr,RfwDEoDb,0
25,Randell,Buney,izisiu@unist.ac.kr,LT8QuIsg5,0
26,Raeann,Moy,yffbet@unist.ac.kr,5zhuADxfk6,0
27,Lind,Brinkworth,qzhqet@unist.ac.kr,3gQMG4p2I,0
28,Alli,Birtwhistle,fhkcfo@unist.ac.kr,d3GVOGoQ,0
29,Jacinta,Fer,ugqcws@unist.ac.kr,DR5D7tV,0
30,Fitzgerald,Steeden,xxlrah@unist.ac.kr,L7YLG4Hd0,0
31,Garik,Boler,xrwqes@unist.ac.kr,uzMkeVl,0
32,Sonnnie,Fedder,vrnrxa@unist.ac.kr,KHKYHbC4ulLB,0
33,Ignaz,Balf,qsxhon@unist.ac.kr,pZdB3ovGvl,0
34,Celia,Pigford,nppblt@unist.ac.kr,jJbAZ2h4m,0
35,Barris,Siverns,aydnhc@unist.ac.kr,pSydRGYxTv,0
36,Bronnie,Lias,zbhuqd@unist.ac.kr,wf0eIs2LH1P,0
37,Hugibert,Evitt,mtnnwe@unist.ac.kr,wW9APO,0
38,Oralia,Sail,xwcryf@unist.ac.kr,fQ9siAN,0
39,Bertine,Kiff,wcgkml@unist.ac.kr,wEs2owI,0
40,Evangelia,Gleder,vzjscr@unist.ac.kr,v9Fki2Bb9p,0
41,Gherardo,Huckabe,qfwrqb@unist.ac.kr,sTkyRYErdgF,0
42,Hill,Bradshaw,rnapwe@unist.ac.kr,TPxvi6fATcF3,0
43,Averell,Takle,ihvovk@unist.ac.kr,hzZPnmLeGTn9,0
44,Mack,Darcey,xqjado@unist.ac.kr,uNFtHKZvTn,0
45,Francklyn,Kernan,gmtipe@unist.ac.kr,ZmGXZ1K,0
46,Geri,Corradino,bssfqx@unist.ac.kr,hVvflEbi5hC,0
47,Dorene,Kenson,cfaiec@unist.ac.kr,ZYlTe5Thz9JE,0
48,Naomi,Scanlin,cgwxmf@unist.ac.kr,IgmiOmtwGJ,0
49,Cathie,Ullett,qdkxpq@unist.ac.kr,LCqRCB,0
50,Peirce,Hambatch,kfidit@unist.ac.kr,sqbNarjuF,0
51,Nanni,Markovich,xnmzlr@unist.ac.kr,tZoxYa3Q,0
52,Ned,Lacotte,vsxgba@unist.ac.kr,wpR5aq,0
53,Harrie,Walsom,kjxnff@unist.ac.kr,vP7tr0U8UJ,0
54,Devonne,Georgeou,vlvnki@unist.ac.kr,MWzpUE4hl,0
55,Guido,Britt,taxutj@unist.ac.kr,Vi47xv8a,0
56,Peyter,Dumphries,rlvaos@unist.ac.kr,IZ8NmUfW8,0
57,Katina,Davidovich,xrmvxt@unist.ac.kr,wXAUqiZGcuT,0
58,Fernande,Skerm,blkdik@unist.ac.kr,S6x8WfEPmDmW,0
59,Cindee,Glasard,giiamx@unist.ac.kr,iNNQTlxYSVhR,0
60,Bennie,Opy,xyvfgm@unist.ac.kr,2AvlwEepu3,0
61,Dulce,Iban,vnlhfv@unist.ac.kr,i7zT6U,0
62,Thaddeus,Berntssen,yvoqvf@unist.ac.kr,JwBj91,0
63,Tommy,Clemas,wrfwuc@unist.ac.kr,BNl4zN,0
64,Nerti,Vasyukhin,sxwqbe@unist.ac.kr,LlLmHzG,0
65,Lesli,Duchan,qyflgp@unist.ac.kr,cAjwaMGf1IFb,0
66,Elihu,Simonelli,tkqzkw@unist.ac.kr,ZKGQR24bAP,0
67,Thelma,Medwell,nwczqa@unist.ac.kr,wHlVTufJ,0
68,Ilise,Jerzak,ccwhpx@unist.ac.kr,gxWRR8lh2Qo0,0
69,Jackquelin,Blackhurst,isnvlh@unist.ac.kr,UUNCyuN17,0
70,Hugh,Ramstead,etbgei@unist.ac.kr,MjSoYqQsB,0
71,Gayler,Lieb,gtiyud@unist.ac.kr,C1y1JrIwrJ,0
72,Willie,Foston,cfmbgv@unist.ac.kr,qNahpVdN,0
73,Valene,Colliss,votznu@unist.ac.kr,p41tYW5J7S,0
74,Ingeberg,Bound,clycwj@unist.ac.kr,mPZTmr6ibmm,0
75,Haleigh,Annion,sduzzn@unist.ac.kr,yRpXYUhh,0
76,Georgeanna,Ducket,uubndb@unist.ac.kr,tIoAx1jEe2m,0
77,Grier,Fruser,qsirpv@unist.ac.kr,muikvY,0
78,Barbi,Mitrovic,rkdwte@unist.ac.kr,qWYrcp7,0
79,Eleanor,Scarasbrick,foibor@unist.ac.kr,D4INwTd,0
80,Wiatt,Nern,dwkuan@unist.ac.kr,T5lyHKe,0
81,Crissy,Sibylla,zslijm@unist.ac.kr,2G0joeniNP,0
82,Sutton,Yglesia,fufhdt@unist.ac.kr,4xfMzFSN9oju,0
83,Nicola,Rubel,egctyq@unist.ac.kr,ZmVZ6GHO,0
84,Jill,Blasli,jqixdv@unist.ac.kr,VS2YwaT8VVk,0
85,Joaquin,Puddifer,vqgjsb@unist.ac.kr,JdXzYf,0
86,Caddric,Ledingham,thmhwe@unist.ac.kr,sHXUKv,0
87,Rosabella,Gerin,irfrgn@unist.ac.kr,xxrFyIAe,0
88,Etan,Bambridge,avpfmz@unist.ac.kr,pvKXniW,0
89,Dore,Shelmardine,xdxrnt@unist.ac.kr,8vBF3x,0
90,Candie,Hubeaux,pdrifx@unist.ac.kr,NIAhrkFYV,0
91,Nanice,Baudts,vmtedz@unist.ac.kr,Fb6uCFo1,0
92,Xavier,Espinas,vnealj@unist.ac.kr,m7cFoRrZZOK,0
93,Joshia,Lemmens,jgjwdh@unist.ac.kr,zMMYiSd6zvL,0
94,Ianthe,Whetland,eeuhun@unist.ac.kr,eWOTH3RKY8fK,0
95,Mordecai,Tutin,dvagak@unist.ac.kr,AbRNv2oM,0
96,Florina,Cunnell,qegici@unist.ac.kr,z2Orv5AjC7hh,0
97,Breanne,Despenser,ofctab@unist.ac.kr,22dSDHVNuBAt,0
98,Cliff,Alberti,yzhcyg@unist.ac.kr,65TM383,0
99,Salvidor,Tremouille,cddnjq@unist.ac.kr,RFvxnoxmhvNi,0
100,Nicola,Cathcart,hamdbo@unist.ac.kr,JgnoSb2HVtOF,0
101,Ave,Cornels,lxnhrk@unist.ac.kr,qrkL41saJ,0
102,Moyna,Huegett,ueevor@unist.ac.kr,vVdRVL2CUUa1,0
103,Theda,Blight,usagqn@unist.ac.kr,uxn1MUlBJljZ,0
104,Jackquelin,Vizor,dfmsib@unist.ac.kr,HI4z8B,0
105,Norma,Ellings,oyrjjl@unist.ac.kr,VvOlETk,0
106,Tom,Bottell,xjwuhj@unist.ac.kr,Pnw63jf,0
107,Cammy,Oliveras,sqctbo@unist.ac.kr,8tkrbE,0
108,Imogene,Munsey,jlegyy@unist.ac.kr,i7f4HZpUm,0
109,Ivy,Blaxeland,gjmkki@unist.ac.kr,B18CfItc,0
110,Roana,Morrice,ftxszv@unist.ac.kr,H22g0UFZ4O,0
111,Rica,Szubert,qzorla@unist.ac.kr,vPlvymD,0
112,Brady,Hynard,vumxkk@unist.ac.kr,keeQCL7J2,0
113,Niven,Gyppes,oksgpl@unist.ac.kr,qiNFLyAZQpmv,0
114,Liana,McCorkell,jfgvqp@unist.ac.kr,I6YvUYd1,0
115,Lorin,Riche,zchkbq@unist.ac.kr,ncu7G3rKAy,0
116,Huntley,Kiellor,bzhlih@unist.ac.kr,3mu88lRhP,0
117,Giffy,Mainds,zsrgob@unist.ac.kr,2ymm8Eec,0
118,Jobina,Matczak,squmbs@unist.ac.kr,zWAd4qK,0
119,Barbabas,Eddisforth,wremil@unist.ac.kr,buYDto0RV4,0
120,Becka,Gaskal,cvrvon@unist.ac.kr,FO8mn09E4R,0
121,Basilius,Blythin,ddviuy@unist.ac.kr,oPrjIbnaWi,0
122,Johna,Rayhill,hrjlce@unist.ac.kr,d1tlROsxfxk,0
123,Denice,Albers,qxsevn@unist.ac.kr,HCPDkpg7,0
124,Denny,MacAughtrie,ezdzdp@unist.ac.kr,6RpfVvFX,0
125,Sky,Shane,kxtqbe@unist.ac.kr,Sj04cGlOCM,0
126,Sisely,Bonnette,ljjiui@unist.ac.kr,8TnDtz90,0
127,Angelle,Brimilcome,svdcuo@unist.ac.kr,9xSq2k,0
128,Raychel,Sargerson,wzsqai@unist.ac.kr,kJh6PfAKRS,0
129,Freddi,Harlick,qbmshw@unist.ac.kr,i0UltG,0
130,Tasha,Braidley,xwxsrm@unist.ac.kr,dVh7mC1BIXuf,0
131,Edythe,Chretien,mgukqp@unist.ac.kr,tBkmZ1f,0
132,Donica,Flea,xcnnyd@unist.ac.kr,2ajnJLP,0
133,Urbanus,Marley,jixtxq@unist.ac.kr,FBykJZ8F0,0
134,Xerxes,Gummie,avjcwo@unist.ac.kr,KoVb6CGemtzN,0
135,Janeen,Bugg,prvqqk@unist.ac.kr,1tBP3GBULjt4,0
136,Axel,Rorke,afyhha@unist.ac.kr,NQzYyBTuJJP4,0
137,Johannes,Storks,wzjpwt@unist.ac.kr,MJ3aNUtc,0
138,Dell,Chastan,augcbm@unist.ac.kr,bZxVbc,0
139,Winfred,Arger,jscfgm@unist.ac.kr,YCvrN3DJU4,0
140,Bryce,Alvey,eagsqd@unist.ac.kr,V60OPO5fciRT,0
141,Donn,Langford,sfyads@unist.ac.kr,NIo2KeYlzXfe,0
142,Demeter,Chick,ajcxlk@unist.ac.kr,wGhz69q8mZAH,0
143,Dannie,Matusson,abahor@unist.ac.kr,hqbx8NLp,0
144,Broderick,Trumpeter,geuvmi@unist.ac.kr,HCVJZ9XntREy,0
145,Ddene,McClosh,mquaaf@unist.ac.kr,q0lailu1,0
146,Fraze,Odlin,rmtffj@unist.ac.kr,mysf3EEJeq,0
147,Margret,Littrik,zztwlw@unist.ac.kr,yy0Ei90t0,0
148,Chiquita,Drillingcourt,wwehiy@unist.ac.kr,sA9hGFRK,0
149,Tiebold,Macallam,veunqi@unist.ac.kr,jcPtgTmEt,0
150,Roxanne,Kopmann,yrvgbr@unist.ac.kr,AQvbmLY,0
151,Tabby,Fourman,tfohix@unist.ac.kr,8guUkTor0,0
152,Livy,Rainsden,dcufip@unist.ac.kr,bNgnCZ0oZ,0
153,Cayla,Chance,ofxohk@unist.ac.kr,o9azvtqThz,0
154,Violante,Rosenau,iyscoz@unist.ac.kr,XbGdjx0t8P,0
155,Benton,Thickpenny,pakniw@unist.ac.kr,t24gdRXET,0
156,Fabien,Happel,wvzxge@unist.ac.kr,I0xEmzzK,0
157,Jennifer,Gouinlock,hddakz@unist.ac.kr,SsLMvRbEj,0
158,Benton,Mascall,iawinj@unist.ac.kr,VXSZ0Tg,0
159,Ezekiel,Tavner,hphcvl@unist.ac.kr,0t8x3OO5DC,0
160,Cybill,Goodinge,hpeehe@unist.ac.kr,H8ri9psaN,0
161,Cherlyn,Harrald,ngmchk@unist.ac.kr,OJhB2dHTs,0
162,Maxy,Huetson,kauyqj@unist.ac.kr,Kezzrju4eo,0
163,Elaine,Woofinden,ljykse@unist.ac.kr,COdtp99pUyQo,0
164,Darcee,Welds,lunkoy@unist.ac.kr,QOedA2pokJ,0
165,Fayette,Davidow,eqbgjc@unist.ac.kr,sYgHIjk,0
166,Zacharie,Goad,ooxzoc@unist.ac.kr,VtBETVJd,0
167,Shaughn,Crank,cuaaqo@unist.ac.kr,tcJ8h5Ibr7M,0
168,Erhart,Koomar,dttcri@unist.ac.kr,OLTjC6UM,0
169,Kirsteni,Hordle,nkniaa@unist.ac.kr,1q0wKeKfjVXF,0
170,Maggie,Greatbach,qefdko@unist.ac.kr,ZDkUjPZjpS,0
171,Sophie,Grew,mexebx@unist.ac.kr,Brx2ldp,0
172,Mervin,Antrag,mcvexr@unist.ac.kr,NH7mac,0
173,Jonah,Boutton,gqeqdr@unist.ac.kr,OQBwOETN2i2,0
174,Simmonds,Maypowder,nsmpde@unist.ac.kr,omyyeV1uNW6X,0
175,Ugo,Grandison,gtcjia@unist.ac.kr,HrJAALmBc,0
176,Shel,Ganny,nwjhnr@unist.ac.kr,SAOWn2NZ,0
177,Tomasina,Conningham,fazosk@unist.ac.kr,cwEEBMTo,0
178,Patin,Nellis,qtlwgb@unist.ac.kr,Mx3lVAvSpt,0
179,Jackelyn,Lazenby,sfqwxk@unist.ac.kr,s7GJgOPEWGsO,0
180,Lisa,Mullender,ryrxrt@unist.ac.kr,AzaxH2SHV,0
181,Taddeo,Piel,gvqmsb@unist.ac.kr,NjZWklXm,0
182,Del,Pavolillo,oqvzep@unist.ac.kr,7ueP1UJSalk,0
183,Noble,Jellico,uvbfsn@unist.ac.kr,qiNkig,0
184,Reina,Kingswood,rnrdzn@unist.ac.kr,wlsK03rW7I,0
185,Mathew,Pauls,kaagjx@unist.ac.kr,smkc3jZDm,0
186,Karisa,Cicero,zwgttt@unist.ac.kr,2iX8ERSZxTH,0
187,Aretha,Pellant,ouknoy@unist.ac.kr,WEZXf3,0
188,Jon,Ragdale,ikyseh@unist.ac.kr,SiEczhwcH,0
189,Kyla,Gowthorpe,ojxmla@unist.ac.kr,O4kZ1IW,0
190,Reece,Walaron,mksgdr@unist.ac.kr,DKEJupiv,0
191,Adorne,Wauchope,veztzw@unist.ac.kr,K46FmR3,0
192,Rodrick,Jewer,yohgqj@unist.ac.kr,2laY8Js,0
193,Filip,Ericsson,nhmbcm@unist.ac.kr,EPYvMRki,0
194,Chandler,Revel,ymeeuh@unist.ac.kr,iIcdjhLI,0
195,Dru,Frape,cdmjsu@unist.ac.kr,64Xp2KRIWbQx,0
196,Ruttger,Bowlas,xcpvnk@unist.ac.kr,VBkDqxfK,0
197,Winthrop,Bentame,pzpaxa@unist.ac.kr,UiAMcHAtATQ,0
198,Emilie,Lownds,kkqnhm@unist.ac.kr,MS3zJuiZ,0
199,Belita,Lebrun,kyvpkg@unist.ac.kr,65MMwQsArI,0
200,Danette,Phizaclea,ndzdde@unist.ac.kr,9Bmh8nShRq,0
201,Marisa,Sheraton,coedgi@unist.ac.kr,AHvAAw,0
202,Oneida,Liddington,mugqiz@unist.ac.kr,aLKHKu,0
203,Teodoor,Rasper,baopgi@unist.ac.kr,IIFdvT5IfvT,0
204,Coriss,Lafoy,yhuopi@unist.ac.kr,hVn2iiDn7,0
205,Alissa,Peterkin,yobwvt@unist.ac.kr,T5PYml1tUg,0
206,Chrystal,Vanacci,iwkbqa@unist.ac.kr,JgMg6gJahhcl,0
207,Steffen,Elsegood,jwvjfy@unist.ac.kr,tQjzqxFAFu,0
208,Dougie,Abson,diijwv@unist.ac.kr,AUCF5fVb9,0
209,Carlie,Attwoul,kimhgv@unist.ac.kr,hVaRGnz,0
210,Pauly,Buttrick,zysdhd@unist.ac.kr,XhIcZ2,0
211,Johnnie,Tweed,gysncp@unist.ac.kr,erPh2LsdN,0
212,Joanne,Weine,rcorzo@unist.ac.kr,0NwCzlB,0
213,Bettine,Baumadier,hxtdna@unist.ac.kr,kydPGGW,0
214,Miran,Nagle,rzappe@unist.ac.kr,2b4eGBe,0
215,Felizio,Juliff,drmqga@unist.ac.kr,Jz2MqLG,0
216,Mace,Grass,jqaupx@unist.ac.kr,MZ41oxkdFJM,0
217,Arlene,Ruoff,moepnu@unist.ac.kr,gYmQdW,0
218,Denise,Georghiou,cmljmb@unist.ac.kr,pc53FWwXV,0
219,Michael,Berisford,xrcwlt@unist.ac.kr,KQttihCY,0
220,Millicent,Loosely,cfvbkt@unist.ac.kr,eSS7vbew,0
221,Arlie,Mallen,joqlpe@unist.ac.kr,dr326HP,0
222,Derwin,Lemmanbie,plxgym@unist.ac.kr,0vHgc1JEDvF,0
223,Meier,Webermann,nagodp@unist.ac.kr,afuVikvk,0
224,Rodina,Spuffard,vgktxg@unist.ac.kr,yVbYsEoz,0
225,Verney,Jagielski,bencyf@unist.ac.kr,sqJYpKP,0
226,Vin,Crosland,tvqusz@unist.ac.kr,ILwizJVPE,0
227,Ford,Aris,xvyprj@unist.ac.kr,LpbjI4gyB,0
228,Frans,Kirkbride,wdgfgi@unist.ac.kr,9zWI8a,0
229,Honor,Yellep,cckvwq@unist.ac.kr,f2aGpj,0
230,Flossy,Blackburn,atdgsk@unist.ac.kr,1zq6xj,0
231,Randie,Keel,etgoeb@unist.ac.kr,sG2cdFY9MPT9,0
232,Filmer,Giff,hallro@unist.ac.kr,sMWU8cOMo4,0
233,Joye,Scroyton,tahsnm@unist.ac.kr,MI5rKd1z81,0
234,Averil,Aldritt,eaiwai@unist.ac.kr,PGzkvz6L0Nz8,0
235,Kerwin,Gabbat,mmknyo@unist.ac.kr,r1BlGI3v,0
236,Jozef,Fitch,tfnyjh@unist.ac.kr,ncZ3IaK0n8V,0
237,Constantino,Carass,obyuci@unist.ac.kr,FmUF6hHho,0
238,Lin,Skirving,bgexnw@unist.ac.kr,zN11Mr8ugqO,0
239,Bertha,Humbee,vaskco@unist.ac.kr,xg9Q5wr33GI,0
240,Hartley,Fellenor,mywlgn@unist.ac.kr,r652RprAygp,0
241,Rozanna,Di Baudi,sfzvtn@unist.ac.kr,xeasE7xnppH7,0
242,Rosa,O'Hogertie,ucrqjo@unist.ac.kr,eyuHh9T,0
243,Elisha,Wallsworth,ttsecp@unist.ac.kr,I8eF9Y1nfK,0
244,Terrill,Bridgman,vkcrin@unist.ac.kr,NVSnZc,0
245,Betsey,Artingstall,ckqphg@unist.ac.kr,7myAqcH,0
246,Lane,Belmont,abtcal@unist.ac.kr,O7c47CBi4,0
247,Derrick,Mendel,oejlau@unist.ac.kr,B7VXyqPBGLo,0
248,Priscilla,Thwaite,mzckgt@unist.ac.kr,pBi0B0aZ,0
249,Aubrie,Sorbey,nakqek@unist.ac.kr,NF5anECKLkny,0
250,Starr,Stebles,sjkgny@unist.ac.kr,N2X5nejsgduu,0
251,Donnell,McKellar,mxhvie@unist.ac.kr,J6Zup3,0
252,Olga,Shernock,kdpzam@unist.ac.kr,rIFeE7s,0
253,Fairleigh,Scarbarrow,tfeyew@unist.ac.kr,NLjq3c,0
254,Alika,Locksley,drzkjx@unist.ac.kr,DTa9Y1vd,0
255,Trueman,Coltart,ofzgfn@unist.ac.kr,qaPSgh4M,0
256,Ruben,Kann,ldfaty@unist.ac.kr,NC15dZBdB,0
257,Audie,Archley,usetjy@unist.ac.kr,HjLHsWnRl,0
258,Ethan,Stothard,limiqn@unist.ac.kr,A7PkYLOz8dqc,0
259,Chase,Halwell,ygzgyk@unist.ac.kr,ZXmhilJp,0
260,Justen,Harcus,llwbet@unist.ac.kr,f5be9QK0w,0
261,Roselia,Brouard,issksy@unist.ac.kr,LN0FYxD,0
262,Ruttger,Denham,cokkjn@unist.ac.kr,L9NkCY,0
263,Dreddy,Wainscoat,oroasb@unist.ac.kr,rAfUj8L,0
264,Winne,Wilkowski,epxdne@unist.ac.kr,uo2zMUWDPSj,0
265,Jessie,Freckelton,odxzis@unist.ac.kr,FdlV3f9,0
266,Lou,Llewellen,umdxny@unist.ac.kr,qfSCrvbDqx,0
267,Beryle,Cottesford,mtqzue@unist.ac.kr,jvc4K4P6nQkh,0
268,Mitchell,Kiff,qhraqc@unist.ac.kr,w8IP7ECb,0
269,Werner,Fiddian,vdejhk@unist.ac.kr,bPZcyYM,0
270,Onfre,Punyer,rnsrzu@unist.ac.kr,vbw1SZkJHN,0
271,Felike,Southerns,vzydre@unist.ac.kr,yvJMO3PuZ,0
272,Linus,Frankcombe,sythhr@unist.ac.kr,7krfAfO,0
273,Dene,Taleworth,quvqpc@unist.ac.kr,UuwLl5nXZw6f,0
274,Ellswerth,Parks,kvkkhp@unist.ac.kr,NDfbUfiO51C,0
275,Moishe,Sorrell,tdyoue@unist.ac.kr,aI1KXf,0
276,Nye,Phoenix,tfgkel@unist.ac.kr,dcohDL,0
277,Trudie,Varley,ftipat@unist.ac.kr,DswyzLrAZbnn,0
278,Ewen,Glading,dsgueq@unist.ac.kr,9icQyrJAL6,0
279,Charmian,Evenett,udwmww@unist.ac.kr,Nz02eKwl,0
280,Desi,Crust,uznhpd@unist.ac.kr,phuoxS,0
281,Richard,Roll,kjxkje@unist.ac.kr,61hmtSt3Lh,0
282,Jaymie,Karczinski,iecfes@unist.ac.kr,0dz2FVQFMqP,0
283,Bond,Greggersen,tmsooh@unist.ac.kr,lVGhiufM,0
284,Evered,Boldison,ogstvw@unist.ac.kr,tTxgJEj6,0
285,Deb,Kneaphsey,ixtzxa@unist.ac.kr,Nh7rK3,0
286,Tanney,McElrea,fbcchp@unist.ac.kr,tH0sMlnsFA,0
287,Laurie,Rebanks,gffwkf@unist.ac.kr,6wz3yT,0
288,Kore,Dulen,swderm@unist.ac.kr,HByTFar5y6,0
289,Walden,Mapledoore,bfpqan@unist.ac.kr,tzZSWai,0
290,Shaylah,Plewright,sklxlj@unist.ac.kr,FFP13Niv,0
291,Lauretta,Shaddock,utcbkd@unist.ac.kr,FrPv8C7uys9,0
292,Celeste,Konert,dbltrl@unist.ac.kr,s5bnPTt,0
293,Antoine,Miskin,tydfvj@unist.ac.kr,vAOZD0iqLqqk,0
294,Ardisj,Cantopher,fdvdci@unist.ac.kr,pT4ZjJXY,0
295,Tanya,Deem,iwiesb@unist.ac.kr,wvcsGtbntM07,0
296,Merna,Whipp,fempde@unist.ac.kr,l5hQDBOh,0
297,Dustin,Poirier,diamond@unist.ac.kr,ufc123,0
298,Kele,Yearn,hpxnjn@unist.ac.kr,qtM07goGjJ,0
299,Flory,Semens,sqntmv@unist.ac.kr,BNT9Os0bp4xF,0
300,Jimmie,Baudon,plwrzn@unist.ac.kr,wIc3teX,0
301,Ardelle,Heine,ltkfrj@unist.ac.kr,WeYoBg,0
302,Winston,Forward,jvxjfu@unist.ac.kr,frWSLvM58R,0
303,Tony,Maryman,xvgixy@unist.ac.kr,BJJN3T2,0
304,Tyrus,Croot,blodzz@unist.ac.kr,bnpiC6aOg,0
305,Allen,Jaggar,kvecdr@unist.ac.kr,rKVcWo,0
306,Walker,Ashelford,wsjbhm@unist.ac.kr,gGO4pvfStyu,0
307,Elsworth,Noar,xbwoti@unist.ac.kr,IqdvM5Ly,0
308,Clarice,Evers,bcdqdz@unist.ac.kr,cE0IUlZZT,0
309,Micaela,Puvia,mdeajf@unist.ac.kr,zECg4DWAy8,0
310,Skip,Kinmond,rwxmtx@unist.ac.kr,74TFlPCWiMGZ,0
311,Abbey,Lingley,cnnpne@unist.ac.kr,OSjmL8Dp4,0
312,Almeta,Brundell,oahacn@unist.ac.kr,VwHZXY4aqe,0
313,Amanda,Higginbottam,olikmh@unist.ac.kr,EfhsaX761M2Q,0
314,Chucho,Woolis,dmckth@unist.ac.kr,bIcQtvJmw,0
315,Sonny,Backs,lwkzox@unist.ac.kr,HSIrT2BQu,0
316,Clotilda,Lackington,oktuxw@unist.ac.kr,tUdaC7vjMaUL,0
317,Danila,Mumby,lvipxx@unist.ac.kr,uop6oRfY,0
318,Ronnica,Pirozzi,osdnwh@unist.ac.kr,WWsZbrkw,0
319,Mathe,Cowope,zcmlnu@unist.ac.kr,6j6iNmt,0
320,Cece,Iskov,zjlioz@unist.ac.kr,G8wPuPxumu,0
321,Buck,Standbridge,wssazn@unist.ac.kr,uX9OFd364,0
322,Leonid,Brimelow,rmsgis@unist.ac.kr,snH44vWT2Fir,0
323,Christoph,Immings,imwbci@unist.ac.kr,d0O0jKz1WE5,0
324,Marcelline,Ponnsett,ljoiad@unist.ac.kr,Ev99Cb,0
325,Aylmer,Sommerling,bdvwqv@unist.ac.kr,UIEfi5lts87,0
326,Rosalynd,Dollard,qjwlvu@unist.ac.kr,e9YnTgCrX4s,0
327,Madeline,Glyssanne,frnegb@unist.ac.kr,v5mC4AbVeM9,0
328,Viole,Pfiffer,sgocif@unist.ac.kr,28fvhEm,0
329,Harlene,Salzen,qobsws@unist.ac.kr,RSetbkn,0
330,Albertina,Tennick,jnzose@unist.ac.kr,vPDRq78,0
331,Zackariah,Tames,nhwnay@unist.ac.kr,vcCRabGqd0,0
332,Valida,Corsham,njksru@unist.ac.kr,OP4NxAjGN9,0
333,Anjanette,Farraway,onbmpf@unist.ac.kr,GD14n7LI,0
334,Lavina,Brightling,hhynas@unist.ac.kr,Phg6C6VvN,0
335,Winston,Blanko,ugewxr@unist.ac.kr,bSytgrviMft,0
336,Venita,Hullett,foauiz@unist.ac.kr,mxbFK2l,0
337,Lou,Kits,hesrye@unist.ac.kr,oGTk7l6LTIh,0
338,Esteban,Pohlak,ztxzyc@unist.ac.kr,fJ22sVzc82k,0
339,Miriam,Beine,tapgyz@unist.ac.kr,VOrhGsNKnnl,0
340,Harmonie,Overell,gjijwc@unist.ac.kr,AvsCrLh9,0
341,Taite,Toft,tlhnza@unist.ac.kr,ci7AYL,0
342,Mil,Cominello,ibrhbx@unist.ac.kr,LxrIjPOVhS,0
343,Cherilynn,Witty,jgruww@unist.ac.kr,Jj8wfYZgO,0
344,Brandon,Breyt,ncddse@unist.ac.kr,ZHJJIVz78n,0
345,Kendra,Chomicki,wjtrpz@unist.ac.kr,KtLpaaHMMi2s,0
346,Barbie,Durram,xtwfup@unist.ac.kr,I89ofK,0
347,Wynny,Voisey,kuxxjr@unist.ac.kr,ozMpsq6Bi,0
348,Adrien,Godney,xcuwrc@unist.ac.kr,9RD4OtiIrg3,0
349,Jinny,Makinson,dflwwl@unist.ac.kr,0B5NU3XOq,0
350,Lacy,Buye,reohcp@unist.ac.kr,TtMtn97S,0
351,Jarrod,Kopta,euegdx@unist.ac.kr,hRGKKma,0
352,Jeniffer,McNeice,oqauqb@unist.ac.kr,egCTyFRzPWVk,0
353,Freemon,Tyt,wdgncu@unist.ac.kr,tdXjDth3,0
354,Giorgia,Sustin,dqguwx@unist.ac.kr,5jNPyBegGCKe,0
355,Fancy,Faughnan,ohofnm@unist.ac.kr,yKb6cBd5lI0,0
356,Albert,Rassell,yapdxt@unist.ac.kr,VmiQMOcz0PU,0
357,Ariel,Tangye,ywzckc@unist.ac.kr,PcXXrT6KUV,0
358,Francesco,Behrend,yrpgmu@unist.ac.kr,KMfNNfrvk,0
359,Eileen,Redd,gbtkrq@unist.ac.kr,u9HFVTYGKlo,0
360,Rosetta,Mahony,xexuwb@unist.ac.kr,dB9y0c,0
361,Kirby,Baythrop,ujavjk@unist.ac.kr,msOddATt,0
362,Olimpia,Hutsby,ruyswm@unist.ac.kr,DbEGbg1eN,0
363,Katleen,Leftley,xhrrgq@unist.ac.kr,c18DkfG,0
364,Pandora,Virgin,rzufei@unist.ac.kr,Oxkri8,0
365,Layney,Turmall,mfbavo@unist.ac.kr,IihlYkH,0
366,Port,Wight,kcjsmu@unist.ac.kr,hEYHKfXsByii,0
367,Edie,Mallatratt,rgfjmw@unist.ac.kr,KaZkSf,0
368,Wally,Bartoszewicz,cjnbmd@unist.ac.kr,CQKjPuVIoPkG,0
369,Corie,Merredy,wujsoc@unist.ac.kr,Zi3VMjYM3,0
370,Malcolm,Flowith,lkzwoo@unist.ac.kr,UYO3nBb8OzL,0
371,Rafi,Waywell,ngsben@unist.ac.kr,7riPO2LB8ke,0
372,Farah,Ungerecht,ilzhpn@unist.ac.kr,idc4j3VzNyd,0
373,Biddie,Adelman,taopao@unist.ac.kr,yfH4txVxe,0
374,Marat,Yerkebayev,yerkebayev@unist.ac.kr,123hey,1
375,Aslan,Zholamanov,a210107096@unist.ac.kr,123abc,1